PicNum,Sex,Age,Race,Face,Prop
3223,female,senior,black,smiling,hat
3224,female,adult,black,smiling,
3225,male,senior,white,smiling,
3226,male,senior,white,serious,
3227,male,senior,white,serious,
3228,male,senior,white,serious,
3229,male,senior,white,smiling,
3230,male,senior,white,smiling,
3231,male,senior,white,serious,hat
3232,male,senior,white,serious,
3233,male,senior,white,smiling,
3234,male,senior,white,smiling,
3235,male,senior,white,serious,
3236,male,senior,white,serious,
3237,male,senior,white,serious,
3238,male,senior,white,serious,
3239,male,senior,white,serious,
3240,male,senior,white,serious,
3241,male,senior,white,smiling,
3242,male,senior,white,smiling,
3243,male,senior,white,serious,
3244,male,senior,white,serious,moustache beard
3245,male,senior,white,smiling,moustache beard
3246,male,senior,white,serious,
3247,male,senior,white,smiling,
3248,male,senior,white,smiling,
3249,male,senior,white,serious,
3250,male,senior,white,smiling,
3251,male,senior,white,smiling,
3252,male,senior,other,serious,hat moustache beard
3253,male,adult,black,smiling,
3254,male,adult,black,serious,
3255,male,senior,black,smiling,moustache beard
3256,male,senior,black,smiling,moustache beard
3257,male,senior,black,smiling,moustache beard
3258,female,senior,white,serious,
3259,female,senior,white,smiling,
3260,female,senior,white,smiling,
3261,female,adult,white,serious,hat
3262,female,senior,white,smiling,
3263,female,senior,white,smiling,
3264,female,senior,white,serious,glasses
3265,female,senior,white,serious,
3266,female,senior,white,smiling,
3267,female,senior,white,serious,
3268,female,senior,white,serious,
3269,male,senior,white,smiling,
3270,female,senior,white,serious,
3271,female,senior,white,smiling,
3272,female,senior,white,smiling,
3273,female,senior,white,serious,
3274,female,senior,white,serious,
3275,female,senior,white,smiling,
3276,female,senior,white,smiling,
3277,female,senior,white,serious,
3278,female,senior,white,smiling,glasses
3279,female,senior,white,smiling,
3280,female,senior,white,serious,
3281,male,senior,white,serious,
3282,female,senior,white,smiling,
3283,male,adult,white,serious,
3284,female,senior,white,serious,
3285,female,senior,white,serious,
3286,female,senior,white,serious,
3287,female,senior,white,smiling,
3288,female,senior,white,serious,
3289,female,senior,white,serious,hat
3290,female,senior,white,smiling,
3291,female,senior,white,smiling,
3292,female,senior,white,smiling,
3293,female,senior,white,smiling,
3294,female,senior,white,smiling,
3295,female,senior,white,serious,
3296,female,senior,white,serious,
3297,female,senior,white,serious,
3298,male,senior,white,serious,
3299,female,senior,white,smiling,
3300,female,senior,white,smiling,
3301,female,senior,white,smiling,
3302,female,senior,white,serious,
3303,female,senior,white,smiling,
3304,female,senior,white,serious,hat
3305,female,senior,white,smiling,
3306,female,senior,white,smiling,hat
3307,female,senior,white,serious,
3308,female,senior,white,smiling,
3309,female,senior,white,serious,
3310,female,senior,white,serious,
3311,female,senior,white,serious,
3312,female,senior,white,smiling,
3313,female,senior,white,smiling,
3314,female,senior,white,serious,
3315,female,senior,white,serious,
3316,female,senior,white,smiling,
3317,female,senior,white,serious,
3318,female,senior,white,serious,
3319,female,senior,white,smiling,
3320,female,senior,white,serious,
3321,female,senior,white,smiling,
3322,female,senior,white,serious,
3323,female,senior,white,smiling,
3324,female,senior,white,smiling,
3325,female,senior,white,serious,
3326,female,senior,white,serious,
3327,female,senior,white,smiling,
3328,female,senior,white,smiling,
3329,female,child,white,serious,hat
3330,male,child,white,serious,hat
3331,female,adult,white,serious,
3332,female,teen,white,smiling,
3333,male,adult,other,serious,
3334,male,adult,white,serious,
3335,female,adult,white,serious,
3336,female,adult,white,serious,
3337,female,adult,white,funny,
3338,female,adult,white,smiling,
3339,female,adult,white,serious,
3340,male,adult,white,serious,
3341,male,adult,white,serious,
3342,male,adult,white,serious,
3343,male,adult,white,serious,
3344,male,adult,white,serious,moustache beard
3345,male,adult,black,serious,moustache beard
3346,male,adult,black,smiling,
3347,male,adult,white,serious,moustache beard
3348,male,adult,white,funny,moustache beard
3349,female,adult,white,smiling,
3350,female,adult,white,smiling,
3351,male,adult,white,serious,
3352,male,adult,white,smiling,
3353,male,teen,white,serious,
3354,male,adult,white,smiling,
3355,female,adult,white,smiling,
3356,female,adult,white,serious,
3357,female,adult,white,serious,
3358,female,adult,white,smiling,
3359,male,adult,white,serious,
3360,male,adult,white,smiling,
3361,male,teen,white,serious,
3362,male,child,white,serious,
3363,male,adult,white,serious,
3364,male,adult,white,serious,
3365,male,adult,white,serious,
3366,male,adult,white,serious,moustache beard
3367,male,adult,white,serious,moustache beard
3368,male,adult,white,serious,moustache beard
3369,male,adult,white,serious,
3370,male,adult,white,serious,
3371,male,adult,white,serious,
3372,male,adult,white,serious,
3373,male,adult,white,serious,moustache beard
3374,male,adult,white,serious,
3375,female,adult,white,serious,
3376,female,adult,white,smiling,
3377,female,adult,white,smiling,
3378,female,adult,white,serious,
3379,female,adult,white,serious,
3380,female,adult,white,serious,
3381,female,adult,white,serious,
3382,female,adult,white,smiling,
3383,female,adult,white,funny,
3384,female,adult,white,serious,
3385,female,adult,white,smiling,
3386,female,adult,white,serious,
3387,female,adult,white,serious,
3388,female,adult,white,serious,
3389,female,adult,white,smiling,
3390,female,adult,white,serious,
3391,female,adult,white,serious,
3392,female,adult,white,serious,
3393,female,adult,white,serious,
3394,female,adult,white,smiling,
3395,female,adult,white,funny,
3396,female,adult,white,smiling,
3397,female,adult,white,serious,
3398,female,adult,white,smiling,
3399,female,adult,white,smiling,
3400,female,adult,white,serious,
3401,female,adult,white,serious,
3402,female,adult,white,smiling,
3403,female,adult,white,smiling,
3404,female,adult,white,smiling,
3405,female,adult,white,smiling,
3406,female,adult,white,smiling,
3407,female,adult,white,smiling,
3408,female,adult,white,funny,
3409,female,adult,white,funny,
3410,female,adult,white,serious,
3411,female,adult,white,serious,
3412,female,adult,white,funny,
3413,female,adult,white,smiling,
3414,female,adult,white,smiling,
3415,female,adult,white,smiling,
3416,female,adult,white,smiling,
3417,female,adult,white,serious,
3418,female,adult,white,smiling,
3419,female,adult,white,smiling,
3420,female,adult,white,serious,
3421,female,adult,white,smiling,
3422,female,adult,white,smiling,
3423,male,adult,white,serious,glasses moustache
3424,male,adult,white,smiling,glasses moustache
3425,male,adult,white,smiling,glasses moustache
3426,male,adult,white,smiling,glasses moustache
3427,male,adult,white,funny,
3428,male,adult,white,serious,
3429,male,adult,white,funny,
3430,male,adult,white,serious,
3431,male,adult,white,serious,
3432,male,adult,white,serious,
3433,male,adult,white,serious,
3434,male,adult,white,funny,
3435,male,adult,white,funny,
3436,male,adult,white,serious,
3437,male,adult,white,serious,
3438,male,adult,white,funny,
3439,male,adult,white,serious,
3440,male,adult,white,serious,
3441,male,adult,white,funny,
3442,male,adult,white,serious,
3443,male,adult,white,funny,
3444,male,adult,white,serious,
3445,male,adult,white,serious,
3446,male,adult,white,funny,
3447,male,adult,white,funny,
3448,male,adult,white,funny,
3449,male,adult,white,funny,
3450,male,adult,white,smiling,
3451,male,adult,white,serious,
3452,male,adult,white,serious,
3453,male,adult,white,smiling,
3454,male,adult,white,smiling,
3455,male,adult,white,serious,
3456,male,adult,white,serious,
3457,male,adult,white,serious,
3458,male,adult,white,serious,
3459,male,adult,white,serious,
3460,male,adult,white,serious,
3461,male,adult,white,serious,
3462,male,adult,white,serious,
3463,male,adult,white,serious,
3464,male,adult,white,serious,
3465,female,adult,black,serious,
3466,female,adult,black,smiling,
3467,female,adult,black,serious,
3468,female,adult,black,smiling,
3469,female,adult,black,serious,
3470,female,adult,black,funny,
3471,female,adult,black,funny,
3472,female,adult,black,smiling,
3473,female,adult,black,serious,
3474,female,adult,black,smiling,
3475,female,adult,black,funny,
3476,female,adult,black,funny,
3477,female,adult,black,smiling,
3478,female,adult,black,funny,
3479,female,adult,black,smiling,
3480,female,adult,black,serious,
3481,female,adult,black,serious,
3482,female,adult,black,smiling,
3483,female,adult,black,serious,
3484,female,adult,black,serious,
3485,female,adult,black,smiling,
3486,female,adult,black,smiling,
3487,male,adult,white,funny,moustache
3488,female,adult,white,serious,
3489,female,adult,black,serious,
3490,female,adult,black,smiling,
3491,female,adult,black,smiling,
3492,female,adult,black,serious,
3493,female,adult,black,serious,
3494,female,adult,black,funny,
3495,male,adult,white,serious,moustache beard
3496,male,adult,white,serious,moustache beard
3497,male,adult,white,serious,moustache beard
3498,male,adult,white,smiling,moustache beard
3499,male,adult,white,smiling,moustache beard
3500,male,adult,white,smiling,moustache beard
3501,male,adult,white,smiling,moustache beard
3502,male,adult,white,smiling,moustache beard
3503,male,adult,white,smiling,moustache beard
3504,male,adult,white,serious,moustache beard
3505,male,adult,white,serious,moustache beard
3506,male,adult,white,serious,moustache beard
3507,male,adult,white,serious,moustache beard
3508,male,adult,white,serious,moustache beard
3509,male,adult,white,serious,moustache beard
3510,male,adult,white,serious,moustache beard
3511,male,adult,white,serious,moustache beard
3512,male,adult,white,serious,moustache beard
3513,male,adult,white,serious,moustache beard
3514,male,adult,white,serious,moustache beard
3515,male,adult,white,serious,moustache beard
3516,male,adult,white,serious,moustache beard
3517,male,adult,white,smiling,moustache beard
3518,male,adult,white,smiling,moustache beard
3519,male,adult,white,serious,moustache beard
3520,male,adult,white,serious,moustache beard
3521,male,adult,white,funny,moustache beard
3522,male,adult,white,serious,moustache beard
3523,male,adult,white,serious,moustache beard
3524,male,adult,white,serious,moustache beard
3525,male,adult,white,serious,moustache beard
3526,male,adult,white,serious,moustache beard
3527,male,adult,white,serious,moustache beard
3528,male,adult,white,serious,moustache beard
3529,male,adult,white,serious,moustache beard
3530,male,adult,white,serious,moustache beard
3531,male,adult,white,serious,moustache beard
3532,male,adult,white,serious,moustache beard
3533,male,adult,white,serious,moustache beard
3534,male,adult,white,serious,moustache beard
3535,male,adult,white,serious,moustache beard
3536,male,adult,white,serious,moustache beard
3537,male,adult,white,smiling,moustache beard
3538,male,adult,white,serious,moustache beard
3539,male,adult,white,serious,moustache beard
3540,male,adult,white,serious,moustache beard
3541,male,adult,white,serious,moustache beard
3542,male,adult,white,serious,moustache beard
3543,male,adult,white,smiling,moustache beard
3544,male,adult,white,smiling,
3545,male,adult,white,serious,
3546,male,adult,white,serious,
3547,male,adult,white,serious,
3548,male,adult,white,smiling,
3549,male,adult,white,smiling,
3550,male,adult,white,serious,
3551,male,adult,white,funny,
3552,male,adult,white,smiling,
3553,male,adult,white,smiling,
3554,male,adult,white,serious,
3555,male,adult,white,smiling,
3556,male,adult,white,serious,
3557,male,adult,white,smiling,
3558,male,adult,white,funny,
3559,male,adult,white,serious,
3560,male,adult,white,serious,
3561,male,adult,white,serious,
3562,male,adult,white,smiling,
3563,male,adult,white,smiling,
3564,male,adult,white,smiling,
3565,male,adult,white,smiling,
3566,male,adult,white,serious,
3567,male,adult,white,serious,
3568,male,adult,white,smiling,
3569,male,adult,white,serious,
3570,male,adult,white,serious,
3571,male,adult,white,smiling,
3572,male,adult,white,smiling,
3573,male,adult,white,serious,
3574,male,adult,white,smiling,
3575,male,adult,white,smiling,
3576,male,adult,white,smiling,
3577,male,adult,white,smiling,
3578,male,adult,white,smiling,
3579,male,adult,white,smiling,
3580,male,adult,white,smiling,
3581,male,adult,white,smiling,
3582,male,adult,white,serious,
3583,male,adult,white,serious,
3584,male,adult,white,serious,
3585,male,adult,white,serious,
3586,male,adult,white,smiling,
3587,male,adult,white,smiling,
3588,male,adult,white,smiling,
3589,male,adult,white,smiling,
3590,male,adult,white,smiling,
3591,male,adult,white,smiling,
3592,male,adult,white,smiling,
3593,male,adult,white,smiling,
3594,male,adult,white,smiling,
3595,male,adult,white,smiling,
3596,male,adult,white,smiling,
3597,male,adult,white,smiling,
3598,male,adult,white,serious,
3599,male,adult,white,smiling,
3600,male,adult,white,smiling,
3601,male,adult,white,smiling,
3602,male,adult,white,serious,
3603,male,adult,white,smiling,
3604,male,adult,white,smiling,
3605,male,adult,white,serious,
3606,male,adult,white,serious,
3607,male,adult,white,smiling,
3608,male,adult,white,smiling,
3609,male,adult,white,smiling,
3610,male,adult,white,serious,
3611,male,adult,white,smiling,
3612,male,adult,white,smiling,
3613,male,adult,white,smiling,
3614,male,adult,white,smiling,
3615,male,adult,white,serious,
3616,male,adult,white,smiling,
3617,male,adult,white,smiling,
3618,male,adult,white,smiling,
3619,male,adult,white,smiling,
3620,male,adult,white,serious,
3621,male,adult,white,smiling,
3622,male,adult,white,smiling,
3623,male,adult,white,serious,
3624,male,adult,white,serious,
3625,male,adult,white,serious,
3626,male,adult,white,smiling,
3627,male,adult,white,smiling,
3628,male,adult,white,serious,
3629,male,adult,white,smiling,
3630,male,adult,white,smiling,
3631,male,adult,white,smiling,
3632,male,adult,white,smiling,
3633,male,adult,white,smiling,
3634,male,adult,white,smiling,
3635,male,adult,white,funny,
3636,male,adult,white,funny,
3637,male,adult,white,funny,
3638,male,adult,white,smiling,
3639,female,adult,white,serious,
3640,female,adult,white,serious,
3641,female,adult,white,funny,
3642,female,adult,white,smiling,
3643,female,adult,white,serious,
3644,female,adult,white,serious,
3645,female,adult,white,serious,
3646,female,adult,white,serious,
3647,female,adult,white,serious,
3648,female,adult,white,serious,
3649,female,adult,white,serious,
3650,female,adult,white,smiling,
3651,female,adult,white,serious,
3652,female,adult,white,smiling,
3653,female,adult,white,smiling,
3654,female,adult,white,smiling,
3655,female,adult,white,serious,
3656,female,adult,white,funny,
3657,male,adult,white,funny,
3658,female,adult,white,funny,
3659,male,adult,white,smiling,
3660,female,adult,white,serious,
3661,female,adult,white,serious,
3662,female,adult,white,serious,
3663,female,adult,white,smiling,
3664,female,adult,white,smiling,
3665,female,adult,white,serious,
3666,female,adult,white,smiling,
3667,female,adult,white,serious,
3668,female,adult,white,smiling,
3669,female,adult,white,smiling,
3670,female,adult,white,serious,
3671,female,adult,white,serious,
3672,female,adult,white,serious,
3673,female,adult,white,serious,
3674,female,adult,white,smiling,
3675,female,adult,white,smiling,
3676,female,adult,white,serious,
3677,female,adult,white,funny,
3678,female,adult,white,serious,
3679,female,adult,white,serious,
3680,female,adult,white,smiling,
3681,female,adult,white,smiling,
3682,female,adult,white,funny,
3683,female,adult,white,smiling,
3684,female,adult,white,smiling,
3685,female,adult,white,smiling,
3686,male,adult,white,serious,
3687,female,adult,white,smiling,
3688,female,adult,white,serious,
3689,male,adult,white,smiling,
3690,female,adult,white,smiling,
3691,female,adult,white,smiling,
3692,male,adult,white,smiling,
3693,female,adult,white,smiling,
3694,female,adult,white,serious,
3695,female,adult,white,smiling,hat
3696,female,adult,white,serious,hat
3697,male,adult,white,serious,hat
3698,female,adult,white,serious,hat
3699,female,adult,white,funny,hat
3700,female,adult,white,serious,hat
3701,male,adult,white,smiling,
3702,male,adult,white,smiling,
3703,male,adult,white,smiling,
3704,male,adult,white,serious,
3705,male,adult,white,smiling,
3706,male,adult,white,serious,
3707,male,adult,white,serious,
3708,male,adult,white,smiling,
3709,male,adult,white,smiling,
3710,male,adult,white,serious,
3711,male,adult,white,smiling,
3712,male,adult,white,smiling,
3713,male,adult,white,smiling,
3714,male,adult,white,serious,
3715,male,adult,white,serious,
3716,male,adult,white,smiling,
3717,male,adult,white,serious,
3718,male,adult,white,smiling,
3719,male,adult,white,smiling,
3720,male,adult,white,serious,
3721,male,adult,white,serious,
3722,male,adult,white,serious,
3723,male,adult,white,smiling,
3724,male,adult,white,smiling,
3725,male,adult,white,smiling,
3726,male,adult,white,smiling,
3727,male,adult,white,serious,
3728,male,adult,white,serious,
3729,male,adult,white,smiling,
3730,male,adult,white,smiling,
3731,male,adult,white,smiling,
3732,male,adult,white,serious,
3733,male,adult,white,serious,
3734,male,adult,white,serious,
3735,male,adult,white,smiling,
3736,male,adult,white,serious,
3737,male,adult,white,serious,
3738,male,adult,white,serious,
3739,male,adult,white,serious,
3740,male,adult,white,serious,
3741,male,adult,white,serious,
3742,male,adult,white,serious,
3743,male,adult,white,smiling,
3744,male,adult,white,smiling,
3745,male,adult,white,serious,
3746,male,adult,white,serious,
3747,male,adult,white,serious,
3748,male,adult,white,serious,
3749,male,adult,white,smiling,
3750,male,adult,white,serious,
3751,male,adult,white,serious,
3752,male,adult,white,smiling,
3753,male,adult,white,funny,
3754,male,adult,white,funny,
3755,male,adult,white,serious,
3756,male,adult,white,smiling,
3757,male,adult,white,smiling,
3758,male,adult,white,serious,
3759,male,adult,white,serious,
3760,male,adult,white,serious,
3761,male,adult,white,smiling,
3762,male,adult,white,smiling,
3763,male,adult,white,smiling,
3764,male,adult,white,serious,
3765,male,adult,white,smiling,
3766,male,adult,white,smiling,
3767,male,adult,white,smiling,
3768,male,adult,white,serious,
3769,male,adult,white,serious,
3770,male,adult,white,serious,
3771,male,adult,white,serious,
3772,male,adult,white,serious,
3773,male,adult,white,smiling,
3774,male,adult,white,smiling,
3775,male,adult,white,serious,
3776,male,adult,white,serious,
3777,male,adult,white,smiling,
3778,male,adult,white,smiling,
3779,male,adult,white,serious,
3780,male,adult,white,smiling,
3781,male,adult,white,smiling,
3782,male,adult,white,smiling,
3783,male,adult,white,serious,
3784,male,adult,white,smiling,
3785,male,adult,white,serious,
3786,male,adult,white,serious,
3787,male,adult,white,serious,
3788,male,adult,white,funny,
3789,male,adult,white,serious,
3790,male,adult,white,smiling,
3791,male,adult,white,smiling,
3792,male,adult,white,serious,
3793,male,adult,white,serious,
3794,male,adult,white,smiling,
3795,male,adult,white,funny,
3796,male,adult,white,smiling,
3797,male,adult,white,smiling,
3798,male,adult,white,serious,
3799,male,adult,white,smiling,
3800,male,adult,white,serious,
3801,male,adult,white,serious,
3802,male,adult,white,serious,
3803,male,adult,white,smiling,
3804,male,adult,white,smiling,
3805,male,adult,white,serious,
3806,male,adult,white,funny,
3807,male,adult,white,smiling,
3808,male,adult,white,smiling,
3809,male,adult,white,serious,
3810,male,adult,white,serious,
3811,male,adult,white,funny,
3812,male,adult,white,smiling,
3813,male,adult,white,smiling,
3814,male,adult,white,smiling,
3815,male,adult,white,serious,
3816,male,adult,white,smiling,
3817,male,adult,white,smiling,
3818,male,adult,white,serious,
3819,male,adult,white,smiling,
3820,male,adult,white,smiling,
3821,male,adult,white,smiling,
3822,male,adult,white,serious,
3823,male,adult,white,serious,
3824,male,adult,white,serious,
3825,male,adult,white,smiling,
3826,male,adult,white,serious,
3827,male,adult,white,serious,
3828,male,adult,white,serious,
3829,male,adult,white,smiling,
3830,male,adult,white,serious,
3831,male,adult,white,smiling,
3832,male,adult,white,serious,
3833,male,adult,white,serious,
3834,male,adult,white,smiling,
3835,male,adult,white,serious,
3836,male,adult,white,smiling,
3837,male,adult,white,smiling,
3838,female,adult,black,smiling,
3839,female,adult,black,serious,
3840,female,adult,black,smiling,
3841,female,adult,black,smiling,
3842,female,adult,black,smiling,
3843,female,adult,black,serious,
3844,female,adult,black,smiling,
3845,female,adult,black,smiling,
3846,female,adult,black,smiling,
3847,female,adult,black,serious,
3848,female,adult,black,serious,
3849,female,adult,black,serious,
3850,female,adult,black,serious,
3851,female,adult,black,serious,
3852,female,adult,black,serious,
3853,female,adult,black,serious,
3854,female,adult,black,serious,
3855,female,adult,black,serious,
3856,female,adult,black,serious,
3857,female,adult,black,serious,
3858,female,adult,black,serious,
3859,female,adult,black,serious,
3860,male,adult,white,serious,
3861,male,adult,white,serious,
3862,male,adult,white,serious,
3863,female,adult,black,serious,
3864,female,adult,black,serious,
3865,female,adult,black,serious,
3866,female,adult,black,serious,
3867,female,adult,black,serious,
3868,female,adult,black,serious,
3869,female,adult,black,serious,
3870,female,adult,black,serious,
3871,female,adult,black,serious,
3872,female,adult,black,serious,
3873,female,adult,black,serious,
3874,female,adult,black,serious,
3875,female,adult,black,serious,
3876,female,adult,black,serious,
3877,female,adult,black,serious,
3878,female,adult,black,serious,
3879,female,adult,black,serious,
3880,male,adult,white,serious,
3881,male,adult,white,serious,
3882,male,adult,white,serious,
3883,male,adult,white,serious,
3884,female,adult,black,serious,
3885,female,adult,black,serious,
3886,female,adult,black,serious,
3887,female,adult,black,serious,
3888,female,adult,black,serious,
3889,female,adult,black,serious,
3890,female,adult,black,smiling,
3891,female,adult,black,serious,
3892,female,adult,black,serious,
3893,female,adult,black,smiling,
3894,female,adult,black,serious,
3895,female,adult,black,serious,
3896,female,adult,black,serious,
3897,female,adult,black,serious,
3898,female,adult,black,serious,
3899,female,adult,black,serious,
3900,female,adult,black,serious,
3901,female,adult,black,serious,
3902,female,adult,black,serious,
3903,female,adult,black,smiling,
3904,female,adult,black,smiling,
3905,female,adult,black,serious,
3906,female,adult,black,serious,
3907,female,adult,black,serious,
3908,female,adult,black,serious,
3909,female,adult,black,serious,
3910,female,adult,black,serious,
3911,female,adult,black,serious,
3912,female,adult,black,serious,
3913,female,adult,black,smiling,
3914,female,adult,black,smiling,
3915,female,adult,black,smiling,
3916,female,adult,black,smiling,
3917,female,adult,black,serious,
3918,female,adult,black,serious,
3919,female,adult,black,serious,
3920,female,adult,black,serious,
3921,female,adult,black,serious,
3922,female,adult,black,serious,
3923,female,adult,black,serious,
3924,female,adult,black,serious,
3925,female,adult,black,serious,
3926,female,adult,black,serious,
3927,female,adult,black,serious,
3928,female,adult,black,smiling,
3929,female,adult,black,smiling,
3930,female,adult,black,smiling,
3931,female,adult,black,serious,
3932,female,adult,black,smiling,
3933,female,adult,black,smiling,
3934,female,adult,black,serious,
3935,female,adult,black,serious,
3936,female,adult,black,serious,
3937,female,adult,black,smiling,
3938,female,adult,black,smiling,
3939,female,adult,black,smiling,
3940,female,adult,black,serious,
3941,female,adult,black,serious,
3942,female,adult,black,serious,
3943,female,adult,black,serious,
3944,female,adult,black,serious,
3945,female,adult,black,serious,
3946,female,adult,black,serious,
3947,female,adult,black,serious,
3948,female,adult,black,serious,
3949,female,adult,black,serious,
3950,female,adult,black,smiling,
3951,female,adult,black,smiling,
3952,female,adult,black,smiling,
3953,female,adult,black,serious,
3954,female,adult,black,smiling,
3955,female,adult,black,smiling,
3956,female,adult,black,serious,
3957,female,adult,black,serious,
3958,female,adult,black,serious,
3959,female,adult,black,serious,
3960,female,adult,black,serious,
3961,female,adult,black,serious,
3962,female,adult,black,serious,
3963,female,adult,black,serious,
3964,female,adult,black,serious,
3965,female,adult,black,serious,
3966,female,adult,black,smiling,
3967,female,adult,black,serious,
3968,female,adult,black,serious,
3969,female,adult,black,smiling,
3970,female,adult,black,serious,
3971,female,adult,black,serious,
3972,female,adult,black,serious,
3973,female,adult,black,serious,
3974,female,adult,black,serious,
3975,female,adult,black,serious,
3976,female,adult,black,serious,
3977,female,adult,black,serious,
3978,female,adult,black,serious,
3979,female,adult,black,smiling,
3980,female,adult,black,smiling,
3981,female,adult,black,serious,
3982,female,adult,black,serious,
3983,female,adult,black,serious,
3984,female,adult,black,funny,
3985,female,adult,black,serious,
3986,female,adult,black,serious,
3987,female,adult,black,smiling,
3988,female,adult,black,smiling,
3989,female,adult,black,smiling,
3990,female,adult,black,smiling,
3991,female,adult,black,smiling,
3992,female,adult,black,serious,
3993,female,adult,black,smiling,
3994,female,adult,black,serious,
3995,female,adult,black,funny,
3996,female,adult,black,serious,
3997,female,adult,black,smiling,
3998,female,adult,black,serious,
3999,female,adult,black,serious,
4000,female,adult,black,smiling,
4001,female,adult,black,serious,
4002,female,adult,black,smiling,
4003,female,adult,black,smiling,
4004,female,adult,black,serious,
4005,female,adult,black,smiling,
4006,female,adult,black,serious,
4007,female,adult,black,smiling,
4008,female,adult,black,serious,
4009,female,adult,black,serious,
4010,female,adult,black,serious,
4011,female,adult,black,smiling,
4012,female,adult,black,smiling,
4013,male,adult,white,serious,
4014,male,adult,white,serious,
4015,male,adult,white,serious,moustache beard
4016,male,adult,white,serious,
4017,male,adult,white,serious,moustache beard
4018,male,adult,white,serious,
4019,male,adult,white,serious,moustache beard
4020,male,adult,white,serious,
4021,male,adult,white,serious,moustache beard
4022,male,adult,white,serious,
4023,male,adult,white,serious,
4024,male,adult,white,serious,
4025,male,adult,white,serious,moustache beard
4026,male,adult,white,serious,
4027,male,adult,white,serious,moustache beard
4028,male,adult,white,serious,
4029,male,adult,white,serious,
4030,male,adult,white,serious,
4031,male,adult,white,serious,
4032,male,adult,white,smiling,
4033,male,adult,white,smiling,
4034,male,adult,white,funny,
4035,male,adult,white,serious,
4036,male,adult,white,funny,
4037,male,adult,white,serious,
4038,male,adult,white,serious,
4039,male,adult,white,smiling,
4040,male,adult,white,serious,
4041,male,adult,white,serious,
4042,male,adult,white,smiling,
4043,male,adult,white,smiling,
4044,male,adult,white,serious,moustache
4045,male,adult,white,smiling,moustache
4046,male,adult,white,serious,moustache
4047,male,adult,white,serious,moustache
4048,male,adult,white,smiling,moustache
4049,male,adult,white,serious,moustache
4050,male,adult,white,serious,
4051,male,adult,white,serious,
4052,male,adult,white,serious,
4053,male,adult,white,serious,
4054,male,adult,white,serious,
4055,male,adult,white,serious,
4056,_missing descriptor,,,,
4057,male,adult,white,serious,
4058,male,adult,white,serious,
4059,male,adult,white,serious,
4060,male,adult,white,serious,
4061,male,adult,white,serious,
4062,male,adult,white,serious,
4063,male,adult,white,serious,beard
4064,male,adult,white,serious,beard
4065,male,adult,white,serious,beard
4066,male,adult,white,serious,moustache beard
4067,male,adult,white,serious,moustache beard
4068,male,adult,white,serious,moustache beard
4069,male,adult,white,serious,moustache beard
4070,male,adult,white,serious,moustache beard
4071,male,adult,white,serious,
4072,male,adult,white,serious,
4073,female,adult,white,smiling,
4074,female,adult,other,serious,hat
4075,male,adult,white,serious,moustache beard
4076,male,adult,white,serious,
4077,male,adult,white,serious,
4078,male,adult,white,serious,
4079,male,adult,white,serious,
4080,male,adult,white,serious,
4081,male,adult,white,serious,
4082,male,adult,white,serious,
4083,male,adult,white,serious,
4084,male,adult,white,serious,
4085,male,adult,white,serious,
4086,male,adult,white,serious,
4087,male,adult,white,serious,
4088,male,adult,white,serious,
4089,male,adult,white,serious,
4090,male,adult,white,serious,
4091,male,adult,white,serious,
4092,male,adult,white,serious,
4093,male,adult,white,serious,
4094,male,adult,white,serious,
4095,male,adult,white,serious,
4096,male,adult,white,serious,
4097,male,adult,white,serious,
4098,male,adult,white,serious,
4099,male,adult,white,serious,
4100,male,adult,white,serious,
4101,male,adult,white,serious,
4102,male,adult,white,serious,
4103,male,adult,white,serious,
4104,male,adult,white,serious,
4105,male,adult,white,serious,
4106,male,adult,white,serious,
4107,male,adult,white,serious,
4108,male,adult,white,serious,
4109,male,adult,white,serious,
4110,male,adult,white,serious,
4111,male,adult,white,serious,
4112,male,adult,white,serious,
4113,male,adult,white,serious,
4114,male,adult,white,serious,
4115,male,adult,white,serious,
4116,male,adult,white,serious,
4117,male,adult,white,serious,
4118,male,adult,white,serious,
4119,male,adult,white,serious,
4120,male,adult,white,serious,
4121,male,adult,white,serious,
4122,male,adult,white,serious,
4123,male,adult,white,serious,moustache beard
4124,male,adult,white,serious,moustache beard
4125,male,adult,white,serious,
4126,male,adult,white,serious,
4127,male,adult,white,serious,
4128,male,adult,white,serious,
4129,male,adult,white,serious,moustache
4130,male,adult,white,serious,moustache
4131,male,adult,white,serious,moustache beard
4132,male,adult,white,serious,moustache beard
4133,male,adult,white,serious,moustache beard
4134,male,adult,white,serious,moustache beard
4135,_missing descriptor,,,,
4136,_missing descriptor,,,,
4137,male,adult,white,serious,moustache beard
4138,male,adult,white,serious,moustache beard
4139,male,adult,white,serious,moustache beard
4140,male,adult,white,serious,moustache beard
4141,male,adult,white,serious,moustache beard
4142,male,adult,white,serious,moustache beard
4143,male,adult,white,serious,moustache beard
4144,male,adult,white,serious,moustache beard
4145,male,adult,white,serious,moustache beard
4146,male,adult,white,serious,
4147,male,adult,white,serious,moustache beard
4148,male,adult,white,serious,moustache beard
4149,male,adult,white,serious,moustache beard
4150,male,adult,white,serious,moustache beard
4151,male,adult,white,serious,moustache beard
4152,male,adult,white,serious,moustache beard
4153,male,adult,white,serious,moustache beard
4154,male,adult,white,serious,moustache beard
4155,male,adult,white,serious,moustache beard
4156,male,adult,white,serious,moustache beard
4157,male,adult,white,funny,
4158,male,adult,white,serious,
4159,male,adult,white,serious,
4160,male,adult,white,serious,
4161,male,adult,white,serious,
4162,male,adult,white,serious,
4163,male,adult,white,serious,
4164,male,adult,white,serious,moustache beard
4165,male,adult,white,serious,moustache beard
4166,male,adult,white,serious,moustache beard
4167,male,adult,white,serious,moustache beard
4168,male,adult,white,serious,
4169,male,adult,white,serious,moustache beard
4170,male,adult,white,serious,moustache beard
4171,male,adult,white,serious,
4172,male,adult,white,serious,moustache beard
4173,male,adult,white,serious,moustache beard
4174,male,adult,white,serious,moustache beard
4175,male,adult,white,serious,moustache beard
4176,male,adult,white,serious,moustache beard
4177,male,adult,white,serious,
4178,male,adult,white,serious,
4179,male,adult,white,smiling,moustache beard
4180,male,adult,white,serious,moustache beard
4181,male,adult,white,serious,
4182,male,adult,white,serious,moustache beard
4183,male,adult,white,smiling,moustache beard
4184,male,adult,white,serious,moustache beard
4185,male,adult,white,smiling,moustache
4186,male,adult,white,smiling,
4187,male,adult,white,smiling,moustache beard
4188,male,adult,white,smiling,
4189,male,adult,white,smiling,
4190,male,adult,white,smiling,
4191,male,adult,white,serious,moustache
4192,male,adult,white,smiling,moustache
4193,male,adult,white,smiling,moustache beard
4194,male,adult,white,smiling,moustache beard
4195,male,adult,white,smiling,
4196,male,adult,white,smiling,
4197,male,adult,white,smiling,
4198,male,adult,white,smiling,moustache beard
4199,male,adult,white,smiling,moustache beard
4200,male,adult,white,smiling,moustache beard
4201,male,adult,white,smiling,moustache beard
4202,male,adult,white,smiling,moustache beard
4203,male,adult,white,smiling,
4204,male,adult,white,serious,moustache beard
4205,male,adult,white,smiling,moustache beard
4206,male,adult,white,smiling,moustache beard
4207,male,adult,white,smiling,moustache beard
4208,male,adult,white,serious,moustache beard
4209,male,adult,white,smiling,moustache beard
4210,male,adult,white,serious,moustache beard
4211,male,adult,white,smiling,moustache beard
4212,male,adult,white,smiling,moustache beard
4213,male,adult,white,smiling,
4214,male,adult,white,serious,
4215,male,adult,white,smiling,
4216,male,adult,white,smiling,
4217,male,adult,white,serious,
4218,male,adult,white,smiling,
4219,male,adult,white,serious,
4220,male,child,white,serious,
4221,male,child,white,smiling,
4222,male,child,white,serious,
4223,male,child,white,smiling,
4224,male,child,hispanic,smiling,
4225,male,child,hispanic,serious,
4226,male,child,white,smiling,
4227,male,child,white,smiling,
4228,male,child,white,serious,
4229,male,teen,asian,smiling,
4230,male,teen,asian,smiling,
4231,male,adult,white,smiling,
4232,male,adult,white,serious,
4233,male,adult,white,smiling,
4234,male,adult,white,smiling,
4235,male,adult,white,serious,
4236,male,adult,white,serious,
4237,male,adult,white,serious,
4238,female,teen,white,smiling,
4239,female,teen,white,serious,
4240,female,teen,white,serious,
4241,female,teen,white,serious,bandana
4242,female,teen,white,smiling,bandana
4243,female,adult,white,serious,
4244,female,adult,white,smiling,
4245,female,adult,white,smiling,
4246,female,adult,white,serious,
4247,female,adult,white,smiling,
4248,female,adult,white,serious,
4249,female,adult,white,smiling,
4250,female,adult,white,smiling,
4251,female,adult,white,smiling,
4252,female,adult,white,serious,
4253,female,adult,white,serious,
4254,female,adult,white,smiling,
4255,female,adult,white,smiling,
4256,female,adult,white,serious,
4257,female,adult,white,serious,
4258,female,adult,white,smiling,
4259,female,adult,white,serious,
4260,female,adult,white,smiling,
4261,female,adult,white,smiling,
4262,female,adult,white,serious,
4263,female,adult,white,smiling,
4264,female,adult,white,smiling,
4265,female,adult,white,smiling,
4266,female,adult,white,serious,
4267,male,adult,white,serious,
4268,male,adult,white,smiling,
4269,male,adult,white,smiling,
4270,male,adult,white,serious,
4271,male,adult,white,smiling,
4272,male,adult,white,serious,
4273,male,adult,white,serious,
4274,male,adult,white,serious,
4275,male,adult,white,smiling,
4276,male,adult,white,smiling,
4277,male,adult,white,serious,
4278,male,adult,white,serious,
4279,male,adult,white,smiling,
4280,male,adult,white,serious,
4281,male,adult,white,smiling,
4282,male,adult,white,smiling,
4283,male,adult,white,smiling,
4284,male,adult,white,smiling,
4285,male,adult,white,serious,
4286,female,adult,white,smiling,
4287,male,adult,white,serious,
4288,female,adult,white,serious,
4289,male,adult,white,serious,
4290,male,adult,white,serious,
4291,male,adult,white,serious,
4292,male,adult,white,serious,
4293,male,adult,white,smiling,
4294,male,adult,white,serious,
4295,male,adult,white,serious,
4296,male,adult,white,serious,moustache
4297,male,adult,white,serious,moustache
4298,male,adult,white,smiling,moustache
4299,male,adult,white,serious,moustache
4300,male,adult,white,smiling,moustache
4301,male,adult,white,serious,moustache
4302,male,adult,white,serious,moustache
4303,male,adult,white,serious,moustache
4304,male,adult,white,smiling,moustache
4305,male,adult,white,serious,moustache
4306,male,adult,white,smiling,moustache
4307,male,adult,white,serious,moustache beard
4308,male,adult,white,serious,moustache beard
4309,male,adult,white,serious,moustache beard
4310,male,adult,white,serious,moustache beard
4311,male,adult,white,smiling,moustache beard
4312,male,adult,white,serious,moustache beard
4313,male,adult,white,smiling,moustache beard
4314,male,adult,white,serious,moustache beard
4315,male,adult,white,serious,moustache beard
4316,male,adult,white,serious,moustache beard
4317,male,adult,white,smiling,moustache beard
4318,male,adult,white,serious,moustache beard
4319,male,adult,white,smiling,moustache beard
4320,male,adult,white,serious,moustache beard
4321,male,adult,white,smiling,moustache beard
4322,male,adult,white,serious,glasses moustache beard
4323,male,adult,white,smiling,moustache beard
4324,male,adult,white,serious,glasses moustache beard
4325,male,adult,white,serious,moustache beard
4326,male,adult,white,serious,moustache beard
4327,male,adult,white,smiling,moustache beard
4328,male,adult,white,serious,moustache beard
4329,male,adult,white,serious,moustache beard
4330,male,adult,white,smiling,moustache beard
4331,male,adult,white,serious,moustache beard
4332,male,adult,white,serious,moustache beard
4333,male,adult,white,smiling,moustache beard
4334,male,adult,hispanic,serious,moustache
4335,male,adult,white,serious,
4336,male,adult,asian,smiling,
4337,male,adult,asian,smiling,
4338,male,adult,asian,smiling,
4339,male,adult,asian,serious,
4340,male,adult,asian,serious,
4341,male,adult,asian,smiling,
4342,male,adult,black,serious,
4343,male,adult,black,serious,
4344,male,adult,black,smiling,
4345,male,adult,black,serious,moustache
4346,male,adult,black,serious,
4347,male,adult,black,serious,moustache
4348,male,adult,black,smiling,moustache
4349,male,adult,black,smiling,moustache
4350,male,adult,hispanic,smiling,moustache
4351,male,adult,hispanic,smiling,moustache
4352,male,adult,black,smiling,moustache beard
4353,male,adult,black,smiling,moustache beard
4354,male,adult,white,serious,
4355,male,adult,white,serious,
4356,male,adult,white,serious,
4357,male,adult,white,serious,
4358,male,adult,white,serious,
4359,male,adult,white,serious,
4360,female,adult,white,serious,
4361,female,adult,white,smiling,
4362,female,adult,white,smiling,
4363,female,adult,white,serious,
4364,female,adult,white,serious,
4365,female,adult,white,serious,
4366,female,adult,white,serious,
4367,female,adult,white,smiling,
4368,female,adult,white,serious,hat
4369,female,adult,white,serious,
4370,female,adult,white,smiling,
4371,female,adult,white,smiling,
4372,female,adult,white,serious,
4373,female,adult,white,serious,
4374,female,adult,white,smiling,
4375,female,adult,white,smiling,
4376,female,adult,white,smiling,
4377,female,adult,white,smiling,
4378,female,adult,white,serious,
4379,female,adult,white,smiling,
4380,female,adult,white,smiling,
4381,female,adult,white,smiling,
4382,female,adult,white,serious,
4383,female,adult,white,serious,
4384,female,adult,white,serious,
4385,female,adult,white,serious,
4386,female,adult,white,smiling,
4387,female,adult,white,smiling,
4388,female,adult,white,serious,
4389,female,adult,white,smiling,
4390,female,adult,white,serious,
4391,female,adult,white,smiling,
4392,female,adult,white,smiling,
4393,female,adult,white,serious,
4394,female,adult,white,smiling,
4395,female,adult,white,smiling,
4396,female,adult,white,smiling,
4397,female,adult,white,smiling,
4398,female,adult,white,serious,
4399,female,adult,white,serious,
4400,female,adult,white,smiling,
4401,female,adult,white,serious,
4402,female,adult,white,serious,
4403,female,adult,white,smiling,
4404,female,adult,white,serious,
4405,female,adult,white,serious,
4406,female,adult,white,smiling,
4407,female,adult,white,serious,
4408,female,adult,white,smiling,
4409,female,adult,white,serious,
4410,female,adult,white,smiling,
4411,female,adult,white,smiling,
4412,female,adult,white,smiling,
4413,female,adult,white,serious,
4414,female,adult,asian,serious,
4415,female,adult,asian,smiling,
4416,female,adult,asian,smiling,
4417,female,adult,asian,serious,
4418,female,adult,white,smiling,
4419,female,adult,white,smiling,
4420,female,adult,white,smiling,
4421,female,adult,white,smiling,
4422,female,adult,black,smiling,bandana
4423,female,adult,black,serious,bandana
4424,female,adult,black,smiling,bandana
4425,female,adult,black,serious,bandana
4426,female,adult,black,smiling,bandana
4427,female,adult,black,smiling,
4428,female,adult,black,smiling,
4429,male,adult,white,serious,
4430,male,adult,white,funny,
4431,male,adult,white,serious,
4432,male,adult,white,smiling,
4433,male,adult,white,serious,
4434,male,adult,white,serious,
4435,male,adult,white,smiling,
4436,male,adult,white,serious,
4437,male,adult,white,serious,
4438,male,adult,white,serious,
4439,male,adult,white,serious,
4440,male,adult,white,serious,
4441,male,adult,white,smiling,
4442,male,adult,white,serious,
4443,male,adult,white,smiling,
4444,male,adult,white,smiling,
4445,male,adult,white,serious,
4446,male,adult,white,serious,
4447,male,adult,white,smiling,
4448,male,adult,white,smiling,
4449,male,adult,white,smiling,
4450,male,adult,white,serious,
4451,male,adult,white,smiling,
4452,male,adult,white,serious,
4453,male,adult,white,serious,moustache
4454,male,adult,white,smiling,moustache
4455,male,adult,white,serious,moustache
4456,male,adult,white,funny,moustache
4457,male,adult,white,serious,moustache
4458,male,adult,white,smiling,moustache
4459,male,adult,white,serious,moustache
4460,male,adult,white,serious,moustache
4461,male,adult,white,smiling,moustache
4462,male,adult,white,serious,moustache
4463,male,adult,white,smiling,moustache
4464,male,adult,white,serious,moustache
4465,male,adult,white,serious,moustache
4466,male,adult,white,serious,moustache
4467,male,adult,white,smiling,moustache
4468,male,adult,white,serious,moustache
4469,male,adult,white,smiling,moustache
4470,male,adult,white,serious,moustache
4471,male,adult,white,smiling,moustache
4472,male,adult,white,serious,moustache
4473,male,adult,white,smiling,moustache
4474,male,adult,white,serious,moustache
4475,male,adult,white,serious,moustache
4476,male,adult,white,smiling,moustache
4477,male,adult,white,serious,moustache
4478,male,adult,white,smiling,moustache
4479,male,adult,white,serious,moustache beard
4480,male,adult,white,serious,moustache beard
4481,male,adult,white,smiling,moustache beard
4482,male,adult,white,smiling,moustache beard
4483,male,adult,white,smiling,moustache beard
4484,male,adult,white,smiling,moustache beard
4485,male,adult,white,serious,moustache beard
4486,male,adult,white,serious,moustache beard
4487,male,adult,white,serious,moustache beard
4488,male,adult,white,smiling,moustache beard
4489,male,adult,white,serious,moustache beard
4490,male,adult,white,serious,moustache beard
4491,male,adult,white,serious,moustache beard
4492,male,adult,white,serious,moustache beard
4493,male,adult,white,smiling,moustache beard
4494,male,adult,white,smiling,moustache beard
4495,male,adult,white,serious,moustache beard
4496,male,adult,white,serious,moustache beard
4497,male,adult,white,serious,moustache beard
4498,male,adult,white,serious,
4499,male,adult,other,serious,moustache
4500,male,adult,other,smiling,moustache
4501,male,adult,other,funny,moustache
4502,male,adult,other,smiling,moustache
4503,male,adult,hispanic,smiling,moustache
4504,male,adult,hispanic,smiling,moustache
4505,male,adult,white,serious,
4506,male,adult,black,smiling,moustache beard
4507,male,adult,black,serious,moustache beard
4508,male,adult,black,serious,moustache
4509,male,adult,black,serious,moustache
4510,female,adult,white,serious,
4511,female,adult,white,serious,
4512,female,adult,white,serious,
4513,female,adult,white,smiling,
4514,female,adult,white,smiling,
4515,female,adult,white,smiling,
4516,female,adult,white,serious,
4517,female,adult,white,serious,
4518,female,adult,white,smiling,
4519,female,adult,white,smiling,
4520,female,adult,white,serious,
4521,female,adult,white,smiling,
4522,female,adult,white,smiling,
4523,female,adult,white,smiling,
4524,male,adult,white,serious,
4525,male,adult,white,smiling,
4526,male,adult,white,serious,
4527,male,senior,white,smiling,
4528,male,senior,white,serious,
4529,male,adult,white,serious,
4530,male,adult,white,serious,
4531,male,adult,white,smiling,
4532,male,adult,white,smiling,
4533,male,adult,white,serious,
4534,male,adult,white,smiling,
4535,male,adult,white,serious,
4536,male,adult,white,serious,
4537,male,adult,white,serious,
4538,male,adult,white,smiling,
4539,male,adult,white,serious,
4540,male,adult,white,smiling,
4541,male,adult,white,smiling,
4542,male,senior,white,smiling,
4543,male,senior,white,serious,
4544,male,senior,white,smiling,
4545,male,senior,white,smiling,
4546,male,senior,white,serious,
4547,male,senior,white,smiling,
4548,male,adult,white,serious,
4549,male,adult,white,serious,
4550,male,adult,white,smiling,
4551,male,adult,white,smiling,
4552,male,adult,white,serious,
4553,male,adult,white,serious,
4554,male,adult,white,serious,
4555,male,senior,white,smiling,
4556,male,senior,white,smiling,
4557,male,senior,white,serious,
4558,male,adult,white,smiling,
4559,male,adult,white,smiling,
4560,male,adult,white,smiling,
4561,male,senior,white,serious,moustache
4562,male,senior,white,smiling,
4563,male,adult,white,smiling,moustache beard
4564,male,adult,white,smiling,moustache beard
4565,male,adult,white,serious,moustache beard
4566,male,adult,white,serious,
4567,female,adult,white,smiling,hat
4568,female,senior,white,smiling,
4569,female,adult,white,smiling,
4570,male,child,white,smiling,
4571,male,child,white,serious,
4572,male,child,white,smiling,
4573,male,child,white,smiling,
4574,male,child,white,smiling,
4575,male,child,white,smiling,
4576,male,child,white,serious,
4577,male,child,white,smiling,
4578,male,child,white,serious,
4579,male,child,white,smiling,
4580,male,child,white,smiling,
4581,male,child,white,funny,
4582,male,child,white,funny,
4583,male,child,white,smiling,
4584,male,child,white,serious,
4585,male,child,white,smiling,
4586,male,child,white,smiling,
4587,male,child,white,serious,
4588,female,adult,white,serious,
4589,male,teen,white,serious,
4590,male,teen,white,serious,
4591,male,child,white,smiling,
4592,male,child,white,serious,
4593,male,teen,white,serious,
4594,male,teen,white,serious,
4595,male,teen,white,serious,
4596,male,teen,white,smiling,
4597,male,teen,white,smiling,
4598,female,teen,white,smiling,
4599,male,teen,white,smiling,
4600,male,teen,white,smiling,
4601,male,child,white,smiling,
4602,male,child,white,smiling,
4603,male,child,white,smiling,
4604,male,child,white,serious,
4605,male,child,white,serious,
4606,male,child,white,smiling,
4607,male,child,white,smiling,
4608,male,child,white,serious,
4609,male,child,white,serious,
4610,male,child,white,serious,
4611,male,child,white,smiling,
4612,male,child,white,serious,
4613,male,child,white,smiling,
4614,male,child,white,serious,
4615,male,child,white,serious,
4616,male,child,white,serious,
4617,male,child,white,serious,
4618,male,child,white,smiling,
4619,male,teen,white,serious,
4620,male,teen,white,smiling,
4621,male,teen,white,serious,
4622,male,adult,white,serious,
4623,male,teen,white,serious,
4624,male,teen,white,smiling,
4625,male,teen,white,funny,
4626,male,teen,white,serious,
4627,male,teen,white,smiling,
4628,male,teen,white,smiling,
4629,male,teen,white,serious,
4630,male,teen,white,smiling,
4631,male,teen,white,smiling,
4632,male,teen,white,serious,
4633,male,child,black,serious,
4634,male,child,black,serious,
4635,male,child,black,smiling,
4636,male,child,black,serious,
4637,male,adult,white,serious,
4638,female,child,white,smiling,
4639,female,child,white,serious,
4640,female,child,white,serious,
4641,female,teen,white,serious,
4642,female,teen,white,smiling,
4643,female,teen,white,smiling,
4644,female,teen,white,smiling,
4645,female,teen,white,smiling,
4646,female,teen,white,serious,
4647,female,teen,white,serious,
4648,female,teen,white,smiling,
4649,female,teen,white,funny,
4650,female,teen,white,serious,
4651,female,teen,white,smiling,
4652,female,teen,white,smiling,
4653,female,teen,white,serious,
4654,female,teen,white,smiling,
4655,female,teen,white,serious,
4656,female,teen,white,smiling,
4657,female,teen,white,serious,
4658,female,teen,white,serious,
4659,female,teen,white,smiling,
4660,female,teen,white,smiling,
4661,female,teen,white,serious,
4662,male,teen,white,smiling,
4663,female,teen,white,smiling,
4664,female,child,white,serious,
4665,female,teen,white,serious,
4666,female,child,white,serious,
4667,female,teen,white,serious,
4668,female,teen,white,smiling,
4669,female,teen,white,serious,
4670,male,child,asian,serious,
4671,male,child,asian,serious,
4672,male,child,asian,smiling,
4673,male,child,asian,smiling,
4674,male,child,black,serious,
4675,male,child,black,smiling,
4676,male,child,black,smiling,
4677,male,child,black,smiling,
4678,male,child,black,funny,
4679,male,adult,white,serious,
4680,male,teen,white,serious,
4681,male,teen,white,serious,
4682,male,teen,white,serious,
4683,male,teen,white,smiling,
4684,male,teen,white,serious,
4685,male,teen,white,serious,
4686,male,teen,white,smiling,
4687,male,teen,white,smiling,
4688,male,adult,white,serious,
4689,male,teen,white,smiling,
4690,male,teen,white,smiling,
4691,male,teen,white,serious,
4692,male,teen,white,smiling,
4693,male,teen,white,serious,
4694,male,adult,white,serious,
4695,male,teen,white,smiling,
4696,male,adult,white,smiling,
4697,male,adult,white,serious,
4698,female,adult,white,serious,
4699,male,teen,white,serious,
4700,male,adult,white,serious,
4701,female,adult,white,smiling,
4702,female,teen,white,smiling,
4703,male,adult,white,serious,
4704,female,adult,white,serious,
4705,male,adult,white,smiling,
4706,male,adult,white,serious,
4707,male,adult,white,smiling,
4708,male,adult,white,serious,
4709,male,adult,white,serious,
4710,male,adult,white,serious,
4711,female,teen,white,serious,
4712,female,teen,white,serious,
4713,female,teen,white,smiling,
4714,female,adult,white,serious,
4715,female,teen,white,serious,
4716,female,adult,white,serious,
4717,female,adult,white,smiling,
4718,female,adult,white,serious,
4719,female,adult,white,serious,
4720,female,teen,white,smiling,
4721,female,teen,white,serious,
4722,female,adult,white,smiling,
4723,female,adult,white,smiling,
4724,female,adult,white,smiling,
4725,female,adult,white,serious,
4726,female,adult,white,serious,
4727,female,adult,white,smiling,
4728,female,adult,white,serious,
4729,female,adult,white,smiling,
4730,female,adult,white,smiling,
4731,female,adult,white,serious,
4732,female,adult,white,serious,
4733,female,adult,white,smiling,
4734,female,adult,white,smiling,
4735,female,adult,white,smiling,
4736,female,adult,white,smiling,
4737,female,adult,white,serious,
4738,female,adult,white,serious,
4739,female,adult,white,smiling,
4740,female,adult,white,smiling,
4741,female,adult,white,smiling,
4742,female,adult,white,smiling,
4743,female,adult,white,smiling,
4744,female,adult,white,smiling,
4745,female,adult,white,serious,
4746,female,adult,white,smiling,
4747,female,adult,white,serious,
4748,female,adult,white,smiling,
4749,female,adult,white,serious,
4750,female,adult,white,smiling,
4751,female,adult,white,serious,
4752,female,adult,white,smiling,
4753,female,adult,white,serious,
4754,female,adult,white,funny,
4755,female,adult,white,smiling,
4756,female,adult,white,serious,
4757,female,adult,asian,smiling,
4758,female,adult,asian,serious,
4759,female,adult,white,serious,
4760,female,adult,white,smiling,
4761,female,adult,white,serious,
4762,female,adult,white,smiling,
4763,female,adult,white,serious,
4764,female,adult,white,smiling,
4765,female,adult,white,smiling,
4766,female,adult,white,serious,
4767,female,adult,white,serious,
4768,female,adult,white,smiling,
4769,female,adult,white,smiling,
4770,male,teen,white,serious,
4771,female,adult,white,serious,
4772,female,adult,white,smiling,
4773,female,adult,white,smiling,
4774,female,adult,white,serious,
4775,female,adult,white,smiling,
4776,female,adult,white,serious,
4777,female,adult,white,smiling,
4778,female,adult,white,smiling,
4779,male,adult,white,serious,
4780,male,adult,white,serious,
4781,male,adult,white,smiling,
4782,male,adult,white,smiling,
4783,male,adult,white,serious,
4784,male,adult,white,serious,
4785,male,adult,white,serious,
4786,male,adult,white,smiling,
4787,male,adult,white,serious,
4788,male,adult,white,funny,
4789,male,adult,white,smiling,
4790,male,adult,white,smiling,
4791,male,adult,white,smiling,
4792,male,adult,white,serious,
4793,male,adult,white,smiling,
4794,male,adult,white,smiling,
4795,male,adult,white,serious,
4796,male,adult,white,serious,
4797,male,adult,white,serious,
4798,male,adult,white,smiling,
4799,male,adult,white,serious,
4800,male,adult,white,smiling,
4801,male,adult,white,smiling,
4802,male,adult,white,serious,
4803,male,adult,white,smiling,
4804,male,adult,white,serious,
4805,male,adult,white,serious,
4806,male,adult,white,smiling,
4807,male,adult,white,serious,
4808,male,adult,white,smiling,
4809,male,adult,white,smiling,
4810,male,adult,white,smiling,
4811,male,adult,white,serious,
4812,male,adult,white,serious,
4813,male,adult,white,smiling,
4814,male,adult,white,serious,
4815,male,adult,white,serious,
4816,male,adult,white,smiling,
4817,male,adult,white,serious,
4818,male,adult,white,serious,
4819,male,adult,white,smiling,
4820,male,adult,white,serious,
4821,male,adult,white,serious,
4822,male,adult,white,smiling,
4823,male,adult,white,serious,
4824,male,adult,white,smiling,
4825,male,adult,white,serious,
4826,male,adult,white,smiling,
4827,male,adult,white,serious,
4828,male,adult,white,serious,
4829,male,adult,white,serious,
4830,male,adult,white,serious,
4831,male,adult,white,serious,
4832,female,adult,white,smiling,
4833,male,adult,white,smiling,
4834,male,adult,white,serious,
4835,male,adult,white,serious,
4836,male,adult,white,smiling,
4837,male,adult,white,serious,
4838,male,adult,white,smiling,
4839,male,adult,white,serious,
4840,male,adult,white,serious,
4841,male,adult,white,smiling,
4842,male,adult,white,serious,
4843,male,adult,white,serious,
4844,male,adult,white,smiling,
4845,male,adult,white,serious,
4846,male,adult,white,serious,
4847,male,adult,white,smiling,
4848,male,adult,white,serious,
4849,male,adult,white,smiling,moustache
4850,male,adult,white,smiling,moustache
4851,male,adult,white,serious,
4852,male,adult,white,serious,
4853,male,adult,white,serious,
4854,male,adult,white,serious,
4855,male,adult,white,serious,
4856,male,adult,white,serious,
4857,male,adult,white,smiling,
4858,male,adult,white,serious,
4859,male,adult,white,smiling,
4860,male,adult,white,serious,
4861,male,adult,white,smiling,
4862,male,adult,white,serious,
4863,male,adult,white,smiling,
4864,male,adult,white,smiling,
4865,male,adult,white,smiling,
4866,male,adult,white,serious,
4867,male,adult,white,smiling,
4868,male,adult,white,smiling,
4869,male,adult,white,serious,
4870,male,adult,white,serious,
4871,male,adult,white,serious,
4872,male,adult,white,serious,
4873,male,adult,white,smiling,
4874,male,adult,white,smiling,
4875,female,adult,white,smiling,
4876,male,adult,white,serious,
4877,male,adult,white,smiling,
4878,male,adult,white,smiling,
4879,male,adult,white,serious,
4880,male,adult,white,smiling,
4881,male,adult,white,serious,
4882,male,adult,white,smiling,
4883,male,adult,white,serious,moustache
4884,male,adult,white,serious,
4885,male,adult,white,smiling,
4886,male,adult,white,serious,
4887,male,adult,white,smiling,
4888,male,adult,white,smiling,
4889,male,adult,white,smiling,
4890,male,adult,white,serious,
4891,male,adult,white,smiling,
4892,male,adult,white,smiling,
4893,male,adult,white,serious,
4894,male,adult,white,smiling,
4895,male,adult,white,smiling,
4896,male,adult,other,serious,moustache beard
4897,male,adult,white,serious,
4898,male,adult,white,serious,
4899,male,adult,white,smiling,
4900,male,adult,white,serious,
4901,male,adult,white,smiling,
4902,male,adult,white,smiling,
4903,male,adult,white,serious,
4904,male,adult,white,serious,
4905,male,adult,white,smiling,
4906,male,adult,white,serious,
4907,male,adult,white,serious,
4908,male,adult,white,serious,
4909,male,adult,white,serious,moustache
4910,male,adult,white,smiling,moustache
4911,male,adult,white,smiling,moustache
4912,male,adult,white,smiling,moustache
4913,male,adult,white,serious,moustache
4914,male,adult,white,smiling,moustache
4915,male,adult,white,smiling,moustache
4916,male,adult,white,serious,moustache
4917,male,adult,white,serious,
4918,male,adult,white,serious,
4919,male,adult,white,smiling,moustache
4920,male,adult,white,smiling,moustache
4921,male,adult,white,serious,moustache
4922,male,adult,white,serious,moustache
4923,male,adult,white,funny,moustache
4924,male,adult,white,serious,moustache
4925,male,adult,white,smiling,moustache
4926,male,adult,white,smiling,moustache
4927,male,adult,white,serious,moustache
4928,male,adult,white,serious,moustache
4929,male,adult,white,serious,moustache
4930,male,adult,white,serious,moustache
4931,male,adult,white,smiling,moustache
4932,male,adult,white,serious,moustache
4933,male,adult,white,smiling,moustache
4934,male,adult,white,serious,moustache
4935,male,adult,white,serious,moustache beard
4936,male,adult,white,smiling,moustache beard
4937,male,adult,white,serious,moustache
4938,male,adult,white,serious,moustache
4939,male,adult,white,serious,moustache
4940,male,adult,white,serious,moustache beard
4941,male,adult,white,smiling,moustache beard
4942,male,adult,white,serious,moustache
4943,male,adult,white,smiling,moustache
4944,male,adult,white,serious,moustache
4945,male,adult,white,smiling,moustache
4946,male,adult,white,smiling,moustache
4947,male,adult,white,serious,moustache
4948,male,adult,white,smiling,moustache
4949,male,adult,white,serious,moustache
4950,male,adult,white,smiling,moustache
4951,male,adult,white,serious,moustache
4952,male,adult,white,serious,moustache
4953,male,adult,white,smiling,moustache
4954,male,adult,white,smiling,moustache
4955,male,adult,white,serious,moustache
4956,male,adult,white,serious,moustache
4957,male,adult,white,smiling,moustache
4958,male,adult,white,serious,moustache
4959,male,adult,white,serious,moustache
4960,male,adult,white,smiling,moustache
4961,male,adult,white,serious,moustache
4962,male,adult,white,smiling,moustache
4963,male,adult,white,smiling,moustache
4964,male,adult,white,smiling,moustache
4965,male,adult,white,serious,moustache
4966,male,adult,white,smiling,moustache
4967,male,adult,white,smiling,moustache
4968,male,adult,white,serious,
4969,male,adult,white,smiling,moustache
4970,male,adult,white,serious,moustache
4971,male,adult,white,smiling,moustache
4972,male,adult,white,serious,moustache
4973,male,adult,white,smiling,moustache
4974,male,adult,white,smiling,moustache
4975,male,adult,white,serious,moustache
4976,male,adult,white,smiling,moustache
4977,male,adult,white,serious,moustache
4978,male,adult,white,serious,moustache
4979,male,adult,white,serious,moustache
4980,male,adult,white,serious,moustache
4981,male,adult,white,serious,moustache
4982,male,adult,white,smiling,moustache
4983,male,adult,white,serious,moustache
4984,male,adult,white,smiling,moustache
4985,male,adult,white,serious,moustache
4986,male,adult,white,serious,moustache
4987,male,adult,white,serious,moustache
4988,male,adult,white,smiling,moustache
4989,male,adult,white,smiling,moustache
4990,male,adult,white,smiling,moustache
4991,male,adult,white,serious,moustache
4992,male,adult,white,serious,
4993,male,adult,white,serious,
4994,male,adult,white,serious,bandana moustache beard
4995,male,adult,white,serious,moustache
4996,male,adult,white,serious,moustache beard
4997,male,adult,white,smiling,moustache beard
4998,male,adult,white,serious,moustache beard
4999,male,adult,white,smiling,moustache beard
5000,male,adult,white,serious,moustache beard
5001,male,adult,white,smiling,moustache beard
5002,male,adult,white,smiling,moustache beard
5003,male,adult,white,serious,moustache beard
5004,_missing descriptor,,,,
5005,male,adult,white,serious,moustache beard
5006,male,adult,white,serious,moustache beard
5007,male,adult,white,smiling,moustache beard
5008,male,adult,white,serious,moustache beard
5009,male,adult,white,smiling,moustache beard
5010,male,adult,white,serious,moustache beard
5011,male,adult,white,smiling,moustache beard
5012,male,adult,white,serious,moustache beard
5013,male,adult,white,smiling,moustache beard
5014,male,adult,white,smiling,moustache beard
5015,male,adult,white,serious,moustache beard
5016,male,adult,white,smiling,beard
5017,male,adult,white,serious,beard
5018,male,adult,white,serious,beard
5019,male,adult,white,smiling,moustache beard
5020,male,adult,white,serious,moustache beard
5021,male,adult,white,smiling,moustache beard
5022,male,adult,white,serious,moustache beard
5023,male,adult,white,serious,moustache beard
5024,male,adult,white,serious,moustache beard
5025,male,adult,white,smiling,moustache beard
5026,male,adult,white,serious,moustache beard
5027,male,adult,white,smiling,moustache beard
5028,male,adult,white,funny,moustache beard
5029,male,adult,white,serious,moustache beard
5030,male,adult,white,serious,moustache beard
5031,male,adult,white,smiling,moustache beard
5032,male,adult,white,smiling,moustache beard
5033,male,adult,white,serious,moustache beard
5034,male,adult,white,serious,moustache beard
5035,male,adult,white,serious,moustache beard
5036,male,adult,white,smiling,moustache beard
5037,male,adult,white,serious,moustache beard
5038,male,adult,white,serious,moustache beard
5039,male,adult,white,smiling,moustache beard
5040,male,adult,white,smiling,moustache beard
5041,male,adult,white,serious,moustache beard
5042,male,adult,white,smiling,moustache beard
5043,male,adult,white,serious,moustache beard
5044,male,adult,white,smiling,moustache beard
5045,male,adult,white,serious,moustache beard
5046,male,adult,white,serious,moustache beard
5047,male,adult,white,smiling,moustache beard
5048,male,adult,white,serious,moustache beard
5049,male,adult,white,serious,moustache beard
5050,male,adult,white,serious,moustache beard
5051,male,adult,white,smiling,moustache beard
5052,male,adult,white,serious,moustache
5053,male,adult,white,serious,moustache beard
5054,male,adult,white,serious,moustache beard
5055,male,adult,white,smiling,moustache beard
5056,male,adult,white,smiling,moustache beard
5057,male,adult,white,serious,moustache beard
5058,male,adult,white,smiling,moustache beard
5059,male,adult,white,smiling,moustache beard
5060,male,adult,white,smiling,moustache beard
5061,male,adult,white,serious,moustache beard
5062,male,adult,white,smiling,moustache beard
5063,male,adult,white,serious,moustache beard
5064,male,adult,white,serious,moustache beard
5065,male,adult,white,smiling,moustache beard
5066,male,adult,white,serious,moustache beard
5067,male,adult,white,serious,moustache beard
5068,male,adult,white,smiling,moustache beard
5069,male,adult,white,serious,moustache
5070,male,adult,white,smiling,moustache
5071,male,adult,white,serious,moustache beard
5072,male,adult,white,smiling,moustache beard
5073,male,adult,white,serious,moustache beard
5074,male,adult,white,serious,moustache beard
5075,male,adult,white,smiling,moustache beard
5076,male,adult,white,serious,
5077,male,adult,white,smiling,moustache
5078,male,adult,white,smiling,moustache
5079,male,adult,other,smiling,moustache
5080,male,adult,hispanic,serious,moustache
5081,male,adult,hispanic,smiling,moustache
5082,male,adult,asian,serious,
5083,male,adult,asian,serious,moustache
5084,male,adult,white,smiling,
5085,male,adult,white,smiling,
5086,male,adult,white,serious,
5087,male,adult,asian,serious,
5088,male,adult,white,smiling,
5089,male,adult,asian,smiling,
5090,male,adult,asian,smiling,
5091,female,adult,white,smiling,
5092,male,adult,hispanic,smiling,
5093,male,adult,hispanic,smiling,moustache
5094,male,adult,asian,serious,
5095,male,adult,asian,smiling,
5096,male,adult,asian,serious,
5097,male,adult,hispanic,serious,
5098,male,adult,black,serious,
5099,male,adult,black,smiling,
5100,male,adult,black,serious,
5101,male,adult,black,smiling,moustache
5102,male,adult,black,serious,moustache
5103,male,adult,black,serious,
5104,male,adult,black,smiling,
5105,male,adult,black,smiling,moustache beard
5106,male,adult,black,serious,moustache beard
5107,male,adult,black,smiling,moustache
5108,male,adult,black,smiling,hat moustache
5109,male,adult,black,serious,hat moustache
5110,male,adult,hispanic,serious,moustache beard
5111,male,adult,black,smiling,moustache beard
5112,male,adult,black,smiling,moustache beard
5113,male,adult,white,serious,
5114,female,adult,white,smiling,
5115,female,adult,white,smiling,
5116,female,adult,white,smiling,
5117,female,adult,white,smiling,
5118,female,adult,white,smiling,
5119,female,adult,white,smiling,
5120,female,adult,white,serious,
5121,female,adult,white,funny,
5122,female,adult,white,serious,
5123,female,adult,white,smiling,
5124,female,adult,white,serious,
5125,female,adult,white,smiling,
5126,female,adult,white,smiling,
5127,female,adult,white,smiling,
5128,female,adult,white,smiling,
5129,female,adult,white,serious,
5130,female,adult,white,smiling,
5131,female,adult,white,serious,
5132,female,adult,white,smiling,
5133,female,adult,white,serious,
5134,female,adult,white,smiling,
5135,female,adult,white,serious,
5136,female,adult,white,serious,
5137,female,adult,white,serious,
5138,female,adult,white,smiling,
5139,female,adult,white,smiling,
5140,female,adult,white,smiling,
5141,female,adult,white,smiling,
5142,female,adult,white,smiling,
5143,female,adult,white,serious,
5144,female,adult,white,serious,
5145,female,adult,white,smiling,
5146,female,adult,white,smiling,
5147,female,adult,white,smiling,
5148,female,adult,white,smiling,
5149,female,adult,white,serious,
5150,female,adult,white,smiling,
5151,female,adult,white,smiling,
5152,female,adult,white,smiling,
5153,female,adult,white,serious,
5154,female,adult,white,smiling,
5155,female,adult,white,serious,
5156,female,adult,white,smiling,
5157,female,adult,white,funny,
5158,female,adult,white,serious,
5159,female,adult,white,serious,
5160,female,adult,white,smiling,
5161,female,adult,white,serious,
5162,female,adult,white,smiling,
5163,female,adult,white,serious,
5164,female,adult,white,smiling,
5165,female,adult,white,serious,
5166,female,adult,white,smiling,
5167,female,adult,white,smiling,
5168,female,adult,white,smiling,
5169,female,adult,white,serious,
5170,female,adult,white,smiling,
5171,female,adult,white,smiling,
5172,female,adult,white,smiling,
5173,female,adult,white,smiling,
5174,female,adult,white,smiling,
5175,female,adult,white,serious,
5176,female,adult,white,smiling,
5177,female,adult,white,smiling,
5178,female,adult,white,smiling,
5179,female,adult,white,smiling,
5180,female,adult,white,smiling,
5181,female,adult,white,serious,
5182,female,adult,white,smiling,
5183,female,adult,white,smiling,
5184,female,adult,white,serious,
5185,female,adult,white,smiling,
5186,female,adult,white,smiling,
5187,female,adult,white,serious,
5188,female,adult,white,serious,
5189,female,adult,white,smiling,
5190,female,adult,white,serious,
5191,female,adult,white,serious,
5192,female,adult,white,smiling,
5193,female,adult,white,smiling,
5194,female,adult,white,smiling,
5195,female,adult,white,smiling,
5196,female,adult,white,smiling,
5197,female,adult,white,smiling,
5198,female,adult,white,smiling,
5199,female,adult,white,smiling,
5200,female,adult,white,serious,
5201,female,adult,white,smiling,
5202,female,adult,white,smiling,
5203,female,adult,white,smiling,
5204,female,adult,white,smiling,
5205,female,adult,white,smiling,
5206,female,adult,white,smiling,
5207,female,adult,white,smiling,
5208,female,adult,white,serious,
5209,female,adult,white,serious,
5210,female,adult,white,serious,
5211,female,adult,white,smiling,
5212,female,adult,white,smiling,
5213,female,adult,white,serious,
5214,female,adult,white,smiling,
5215,female,adult,white,smiling,
5216,female,adult,white,smiling,
5217,female,adult,white,smiling,
5218,female,adult,white,smiling,
5219,female,adult,white,smiling,
5220,female,adult,white,serious,
5221,female,adult,white,smiling,
5222,female,adult,white,smiling,
